Location,Source,Fat,SNF,Lactose,Protein,Density,pH,AddedWater,AntibioticPresence,FreezingPoint,Conductivity,Classification
Mandya,Cow,4.2,8.78,4.53,3.29,1030.5,6.46,0.88,0,-0.488,4.08,Standard
Mandya,Cow,3.94,8.8,4.59,3.49,1027.2,6.4,8.52,0,-0.544,4.01,Standard
Bengaluru,Cow,4.26,8.5,4.85,3.1,1030.7,6.45,8.92,0,-0.495,4.81,Standard
Shivamogga,Cow,4.61,8.77,4.82,3.4,1031.7,6.76,3.54,0,-0.526,5.23,Standard
Bengaluru,Cow,3.91,8.79,4.7,3.19,1029.8,6.46,0.03,0,-0.543,4.92,Standard
Shivamogga,Cow,3.91,8.49,4.72,3.14,1032.8,6.99,1.69,0,-0.54,4.67,Standard
Bengaluru,Cow,4.63,9.26,4.96,3.28,1027.5,6.67,4.8,0,-0.536,4.68,Standard
Davanagere,Cow,4.31,8.84,4.58,3.09,1026.5,6.63,19.87,0,-0.522,4.76,Low Quality
Hubballi-Dharwad,Cow,3.81,8.34,4.81,3.19,1025.4,6.47,5.0,0,-0.52,4.73,Standard
Shivamogga,Cow,4.22,8.9,4.66,3.06,1032.0,6.71,1.5,0,-0.541,4.58,Standard
Mangaluru,Cow,3.81,8.41,4.66,3.69,1030.3,6.51,5.03,0,-0.53,4.53,Standard
Mandya,Cow,3.81,8.94,4.92,3.31,1028.9,6.62,3.88,0,-0.487,4.48,Standard
Bengaluru,Cow,4.1,9.05,4.87,3.16,1029.6,6.98,7.57,0,-0.495,4.27,Standard
Mandya,Cow,3.23,8.45,4.86,3.34,1026.7,6.59,0.57,0,-0.521,4.42,Standard
Bengaluru,Cow,3.31,8.99,4.96,3.28,1033.9,6.77,7.16,0,-0.529,3.99,Standard
Kalaburagi,Cow,3.78,8.82,4.7,3.26,1029.3,6.49,3.9,0,-0.528,4.47,Standard
Kalaburagi,Cow,3.59,8.95,4.84,3.42,1029.2,6.59,16.48,0,-0.518,4.2,Low Quality
Hassan,Cow,4.13,9.27,4.64,3.45,1030.5,6.87,2.09,0,-0.55,4.17,Standard
Bengaluru,Cow,3.64,8.63,4.76,3.19,1030.0,6.51,5.01,0,-0.535,4.55,Standard
Hassan,Cow,3.44,8.47,4.67,3.18,1029.4,6.87,13.44,0,-0.563,4.92,Standard
Davanagere,Cow,4.59,8.43,4.72,3.24,1027.4,6.71,0.54,0,-0.522,4.78,Standard
Tumakuru,Cow,3.91,8.46,4.82,2.84,1029.9,6.52,13.84,0,-0.517,4.03,Standard
Mysuru,Cow,4.03,8.68,4.54,3.0,1032.8,6.69,5.82,1,-0.54,4.2,Low Quality
Mysuru,Cow,3.43,8.8,5.12,3.57,1031.7,6.75,0.35,0,-0.499,4.78,Standard
Mandya,Cow,3.78,8.78,4.5,3.63,1032.2,6.69,1.79,0,-0.555,4.21,Standard
Shivamogga,Cow,4.04,8.95,4.46,3.25,1028.0,6.36,6.16,0,-0.559,4.43,Fermented
Bengaluru,Cow,3.54,8.7,4.93,3.42,1027.0,6.49,0.35,0,-0.526,4.67,Standard
Davanagere,Cow,4.15,9.14,4.86,3.36,1028.7,6.56,4.36,0,-0.509,4.21,Standard
Belagavi,Cow,3.76,8.62,4.82,3.92,1029.1,6.59,2.12,0,-0.496,4.53,Standard
Bengaluru,Cow,3.88,9.52,4.83,3.52,1031.2,6.69,4.85,0,-0.539,4.1,Standard
Bengaluru,Cow,3.76,8.89,4.7,3.27,1025.6,6.63,0.23,0,-0.508,4.32,Standard
Davanagere,Cow,4.74,8.44,4.52,3.11,1032.1,6.4,10.26,0,-0.531,4.6,Standard
Davanagere,Cow,3.99,8.38,4.72,2.98,1028.7,6.66,18.15,0,-0.533,4.02,Low Quality
Belagavi,Cow,3.58,8.84,4.56,3.34,1028.1,6.69,17.35,0,-0.512,4.63,Low Quality
Mysuru,Cow,4.33,8.63,4.9,3.15,1027.0,6.68,6.92,0,-0.517,4.49,Standard
Hassan,Cow,3.51,8.91,4.67,3.02,1025.7,6.76,0.7,0,-0.562,4.67,Standard
Tumakuru,Cow,4.08,8.84,4.53,3.17,1030.6,6.73,7.1,0,-0.5,4.57,Standard
Mandya,Cow,3.22,8.68,4.64,3.08,1029.1,6.67,0.12,0,-0.502,4.91,Standard
Mysuru,Cow,3.47,8.45,4.78,3.64,1026.4,6.59,0.11,0,-0.543,4.54,Standard
Belagavi,Cow,4.08,8.25,4.59,3.48,1026.4,6.35,1.95,0,-0.522,4.37,Fermented
Bengaluru,Cow,4.3,8.57,4.54,3.3,1028.3,6.66,3.35,0,-0.52,4.54,Standard
Mysuru,Cow,4.07,8.96,4.75,3.6,1032.3,6.63,7.36,0,-0.525,4.66,Standard
Hubballi-Dharwad,Cow,3.95,8.76,4.75,3.32,1028.5,6.64,5.75,0,-0.541,4.51,Standard
Kalaburagi,Cow,3.88,8.33,4.6,3.13,1026.0,6.41,2.95,0,-0.543,4.51,Standard
Bengaluru,Cow,3.41,8.75,4.61,3.6,1028.5,6.44,1.6,1,-0.531,4.29,Low Quality
Tumakuru,Cow,3.71,8.82,4.75,3.41,1028.5,6.76,29.26,0,-0.507,4.3,Low Quality
Ballari,Cow,3.82,8.43,4.41,3.09,1023.6,6.59,2.78,0,-0.519,4.08,Standard
Belagavi,Cow,4.42,8.75,4.42,3.26,1028.9,6.7,3.0,0,-0.537,5.02,Standard
Mangaluru,Cow,4.14,8.72,4.56,3.12,1028.5,6.6,0.89,1,-0.515,4.13,Low Quality
Shivamogga,Cow,3.29,8.36,4.66,3.02,1030.4,6.6,7.92,0,-0.587,4.29,Standard
Mangaluru,Cow,4.13,8.81,4.76,3.49,1032.7,6.74,5.92,0,-0.507,4.28,Standard
Mysuru,Cow,3.85,8.87,5.0,3.68,1031.3,6.52,1.25,0,-0.565,4.77,Standard
Bengaluru,Cow,3.73,9.02,4.87,3.02,1028.5,6.61,0.43,1,-0.537,4.41,Low Quality
Shivamogga,Cow,4.24,9.02,4.67,3.41,1026.8,6.53,5.7,0,-0.552,4.87,Standard
Shivamogga,Cow,4.41,8.29,4.7,3.17,1034.1,6.53,5.31,0,-0.556,4.3,Standard
Mandya,Cow,4.37,8.42,4.5,3.2,1029.1,6.55,1.6,1,-0.507,4.58,Low Quality
Mangaluru,Cow,3.66,8.85,4.7,3.18,1029.0,6.63,15.07,0,-0.539,4.25,Low Quality
Davanagere,Cow,3.88,8.85,4.64,3.13,1029.0,6.53,0.82,0,-0.523,5.14,Standard
Bengaluru,Cow,4.13,8.85,4.76,3.31,1029.4,6.79,2.83,0,-0.531,4.14,Standard
Mandya,Cow,4.39,9.86,4.53,3.13,1028.7,6.47,14.38,0,-0.52,4.59,Standard
Davanagere,Cow,3.81,8.87,4.8,3.35,1027.9,6.57,2.72,0,-0.528,4.69,Standard
Hassan,Cow,3.93,9.04,5.01,3.29,1027.9,6.53,5.09,1,-0.556,4.62,Low Quality
Tumakuru,Cow,3.56,8.99,4.68,3.25,1028.9,6.82,2.53,0,-0.51,4.44,Standard
Mangaluru,Cow,3.52,8.9,4.78,3.12,1027.9,6.63,1.6,0,-0.54,4.46,Standard
Kalaburagi,Cow,4.33,8.61,4.84,3.18,1027.6,6.75,20.67,1,-0.561,4.51,Low Quality
Kalaburagi,Cow,4.54,8.93,4.62,3.45,1029.2,6.38,2.63,0,-0.539,4.46,Fermented
Tumakuru,Cow,3.97,8.47,4.74,3.4,1028.5,6.64,11.23,0,-0.5,4.79,Standard
Davanagere,Cow,4.4,8.63,4.7,3.1,1032.0,6.73,1.31,0,-0.513,5.16,Standard
Mandya,Cow,4.14,8.55,4.72,3.32,1023.7,6.61,1.2,0,-0.537,4.33,Standard
Tumakuru,Cow,3.74,8.72,4.55,3.45,1031.2,6.76,0.16,0,-0.537,4.09,Standard
Hassan,Cow,4.14,9.39,4.7,2.97,1031.5,6.52,5.27,0,-0.536,4.47,Standard
Hubballi-Dharwad,Cow,4.62,8.14,4.8,3.41,1024.9,6.81,2.3,0,-0.488,5.27,Standard
Hubballi-Dharwad,Cow,3.99,8.91,4.99,3.17,1028.3,6.94,9.99,0,-0.522,4.26,Standard
Kalaburagi,Cow,4.63,8.22,4.89,3.41,1028.3,6.55,3.2,0,-0.521,4.99,Standard
Ballari,Cow,2.95,8.56,5.13,3.15,1026.2,6.53,17.24,1,-0.509,5.0,Low Quality
Belagavi,Cow,4.33,9.03,4.55,2.94,1027.4,6.82,1.03,0,-0.525,4.33,Standard
Tumakuru,Cow,4.03,8.72,4.87,2.97,1026.8,6.84,10.15,0,-0.535,4.67,Standard
Belagavi,Cow,3.88,8.38,4.74,3.31,1032.5,6.52,7.49,0,-0.534,4.99,Standard
Ballari,Cow,4.04,8.49,5.14,3.35,1030.9,6.54,7.37,0,-0.531,4.39,Standard
Mandya,Cow,3.2,8.9,4.54,3.12,1031.5,6.56,9.31,0,-0.531,4.44,Standard
Tumakuru,Cow,3.91,8.48,4.53,3.43,1030.4,6.4,7.16,0,-0.515,4.33,Standard
Belagavi,Cow,4.14,8.76,4.58,2.97,1026.7,6.46,4.92,0,-0.529,4.2,Standard
Belagavi,Cow,4.59,8.71,4.28,3.29,1028.0,6.45,0.7,1,-0.515,4.31,Low Quality
Mangaluru,Cow,3.79,8.5,4.59,3.06,1030.0,6.48,0.17,0,-0.532,4.13,Standard
Mangaluru,Cow,3.68,9.34,4.55,3.17,1026.6,6.59,12.68,0,-0.528,4.51,Standard
Ballari,Cow,3.8,8.89,4.73,3.31,1030.4,6.64,4.79,0,-0.57,4.27,Standard
Bengaluru,Cow,4.37,8.09,4.77,3.13,1028.5,6.83,7.96,0,-0.512,4.57,Standard
Tumakuru,Cow,4.13,8.76,5.08,3.22,1028.3,6.45,3.28,0,-0.523,4.03,Standard
Hassan,Cow,3.79,8.5,4.89,3.5,1030.4,6.75,0.62,0,-0.51,4.6,Standard
Mandya,Cow,4.21,8.96,4.58,3.18,1029.9,6.57,0.67,0,-0.588,4.75,Standard
Mangaluru,Cow,4.04,8.46,4.52,3.47,1028.3,6.59,5.78,0,-0.488,3.9,Standard
Mangaluru,Cow,4.39,8.67,4.8,3.07,1031.3,6.7,2.81,0,-0.533,4.61,Standard
Hubballi-Dharwad,Cow,3.72,8.85,4.44,3.41,1026.8,6.43,1.12,0,-0.508,4.87,Standard
Tumakuru,Cow,3.87,8.96,5.07,3.59,1030.2,6.66,3.38,0,-0.551,4.14,Standard
Hassan,Cow,3.84,8.34,4.94,2.81,1030.2,6.62,0.33,1,-0.518,5.0,Low Quality
Tumakuru,Cow,3.41,8.6,4.61,3.14,1028.4,6.67,4.36,0,-0.551,4.63,Standard
Hubballi-Dharwad,Cow,4.12,8.56,4.36,3.42,1029.7,6.64,1.57,0,-0.542,4.29,Standard
Bengaluru,Cow,4.1,8.5,4.97,3.26,1026.5,6.97,7.99,0,-0.492,4.48,Standard
Hassan,Cow,4.0,9.23,4.68,3.37,1030.8,6.5,1.86,0,-0.534,4.67,Standard
Belagavi,Cow,3.91,8.82,4.95,3.18,1028.6,6.52,3.04,0,-0.526,4.52,Standard
Hubballi-Dharwad,Cow,3.43,8.32,4.38,3.32,1028.0,6.51,0.06,0,-0.513,4.66,Standard
Kalaburagi,Cow,3.83,8.98,4.58,3.27,1031.1,6.52,0.38,0,-0.52,4.22,Standard
Mandya,Cow,3.86,9.34,4.7,3.53,1027.6,6.5,2.49,1,-0.527,4.55,Low Quality
Belagavi,Cow,3.68,9.01,4.71,3.35,1026.2,6.78,3.27,0,-0.523,4.08,Standard
Hassan,Cow,3.94,8.24,4.61,3.37,1025.9,6.81,4.58,0,-0.482,4.47,Standard
Kalaburagi,Cow,4.16,8.55,4.82,3.22,1030.2,6.51,1.72,0,-0.531,4.23,Standard
Bengaluru,Cow,4.75,9.08,4.49,3.2,1026.4,6.48,5.94,0,-0.526,4.28,Standard
Kalaburagi,Cow,4.07,8.49,4.67,3.21,1032.5,6.67,9.83,0,-0.509,4.87,Standard
Mangaluru,Cow,4.1,8.83,4.72,3.38,1024.8,6.52,7.57,0,-0.508,4.83,Standard
Ballari,Cow,3.97,8.93,4.8,3.22,1032.4,6.69,0.2,0,-0.506,4.68,Standard
Kalaburagi,Cow,3.23,8.42,4.84,3.36,1029.4,6.63,3.27,0,-0.517,4.17,Standard
Shivamogga,Cow,3.99,8.68,4.48,3.72,1028.8,6.37,0.55,0,-0.553,4.41,Fermented
Davanagere,Cow,4.02,7.73,4.39,3.47,1027.9,6.83,1.39,1,-0.497,4.86,Low Quality
Bengaluru,Cow,4.99,8.39,4.96,3.23,1029.8,6.87,21.59,0,-0.553,4.54,Low Quality
Davanagere,Cow,3.92,8.62,4.77,3.54,1028.9,6.51,0.77,0,-0.524,5.2,Standard
Belagavi,Cow,4.12,8.33,4.55,3.22,1031.2,6.54,3.45,0,-0.545,4.62,Standard
Tumakuru,Cow,3.99,9.19,5.01,2.89,1029.2,6.64,4.81,0,-0.531,4.56,Standard
Hubballi-Dharwad,Cow,3.53,8.27,4.72,3.1,1029.3,6.65,6.06,0,-0.523,4.41,Standard
Mysuru,Cow,4.46,8.57,4.94,2.93,1028.3,6.7,4.1,0,-0.524,4.54,Standard
Bengaluru,Cow,4.3,8.74,4.71,3.23,1028.9,6.9,0.05,0,-0.522,4.45,Standard
Shivamogga,Cow,4.32,9.13,5.11,3.3,1029.6,6.57,1.98,0,-0.498,4.71,Standard
Mangaluru,Cow,3.64,8.27,5.05,3.64,1025.6,6.48,3.65,0,-0.521,4.79,Standard
Hubballi-Dharwad,Cow,4.56,9.05,4.65,3.37,1026.3,6.39,0.46,0,-0.535,4.26,Fermented
Mandya,Cow,3.44,8.7,4.89,3.26,1030.5,6.49,2.16,0,-0.511,4.1,Standard
Tumakuru,Cow,4.23,8.41,4.83,3.47,1029.3,6.6,0.17,0,-0.506,3.95,Standard
Tumakuru,Cow,4.88,8.84,4.97,2.86,1028.6,6.87,0.41,0,-0.555,4.65,Standard
Mysuru,Cow,3.6,8.76,4.51,3.35,1029.0,6.52,2.53,0,-0.518,4.17,Standard
Kalaburagi,Cow,3.77,8.52,4.84,3.45,1029.7,6.63,0.71,0,-0.516,3.85,Standard
Davanagere,Cow,4.04,8.72,4.91,3.0,1027.9,6.6,4.19,0,-0.536,4.62,Standard
Shivamogga,Cow,3.8,8.58,4.35,3.53,1027.4,6.78,5.85,0,-0.502,5.25,Standard
Tumakuru,Cow,3.38,8.73,4.46,3.37,1029.4,6.98,8.06,0,-0.533,4.5,Standard
Kalaburagi,Cow,4.03,8.9,4.29,3.22,1027.0,6.52,1.12,0,-0.527,4.75,Standard
Mandya,Cow,3.58,9.18,4.65,3.43,1029.8,6.53,0.92,0,-0.533,4.52,Standard
Bengaluru,Cow,4.19,8.33,4.84,3.75,1025.6,6.76,0.55,1,-0.53,4.47,Low Quality
Ballari,Cow,3.63,9.34,5.0,3.34,1031.1,6.7,5.06,0,-0.552,4.78,Standard
Shivamogga,Cow,4.62,8.11,4.71,3.35,1029.9,6.88,6.13,0,-0.559,4.41,Standard
Hassan,Cow,3.69,8.65,5.03,3.21,1029.5,6.69,0.16,0,-0.498,4.58,Standard
Belagavi,Cow,3.87,8.88,4.42,3.13,1031.0,6.55,13.76,0,-0.547,4.6,Standard
Hassan,Cow,4.33,8.78,4.36,3.47,1032.3,6.69,0.27,1,-0.55,4.3,Low Quality
Ballari,Cow,3.51,8.51,4.69,3.13,1031.0,6.77,3.9,1,-0.573,4.8,Low Quality
Mandya,Cow,4.09,8.64,4.78,3.31,1025.3,6.72,6.17,0,-0.543,4.45,Standard
Hassan,Cow,4.52,8.55,4.69,3.2,1026.4,6.68,10.24,0,-0.556,4.27,Standard
Mangaluru,Cow,3.36,8.52,4.29,3.4,1027.8,6.76,6.26,0,-0.497,4.66,Standard
Shivamogga,Cow,4.07,8.95,4.68,3.37,1029.1,6.78,8.09,0,-0.51,4.23,Standard
Mangaluru,Cow,4.1,8.81,4.44,3.51,1030.0,6.81,2.07,0,-0.544,4.51,Standard
Mysuru,Cow,4.31,8.49,4.83,3.2,1027.5,6.7,8.43,0,-0.485,4.5,Standard
Ballari,Cow,3.51,8.97,4.77,3.25,1029.4,6.57,0.42,1,-0.51,4.83,Low Quality
Mysuru,Cow,3.47,8.79,4.51,3.1,1027.5,6.62,11.26,0,-0.536,4.64,Standard
Mysuru,Cow,4.21,8.94,4.6,3.21,1027.8,6.78,3.97,0,-0.58,4.49,Standard
Mysuru,Cow,4.12,8.89,4.49,3.38,1026.2,6.48,8.5,0,-0.484,4.75,Standard
Tumakuru,Buffalo,8.33,9.44,5.08,4.32,1032.3,6.76,1.55,0,-0.556,4.02,Standard
Bengaluru,Buffalo,7.83,9.24,4.88,3.82,1032.0,6.68,7.54,0,-0.551,4.72,Standard
Tumakuru,Buffalo,7.51,9.33,4.86,4.23,1027.4,6.74,5.22,0,-0.58,4.8,Standard
Bengaluru,Buffalo,6.71,9.68,5.54,4.05,1029.9,6.61,0.4,0,-0.557,3.97,Standard
Ballari,Buffalo,6.86,10.0,4.96,4.95,1029.4,6.33,2.24,0,-0.532,4.04,Fermented
Davanagere,Buffalo,7.32,9.62,4.75,4.25,1029.8,6.68,0.12,1,-0.538,4.46,Low Quality
Hubballi-Dharwad,Buffalo,7.13,9.14,4.81,4.34,1030.7,6.91,2.62,0,-0.54,4.08,Standard
Tumakuru,Buffalo,7.39,9.63,5.13,4.47,1030.1,6.84,4.34,0,-0.549,4.19,Standard
Hassan,Buffalo,7.53,9.86,4.92,4.31,1027.0,6.84,0.5,0,-0.55,4.21,Standard
Bengaluru,Buffalo,7.82,9.32,4.61,4.81,1032.5,6.89,1.36,0,-0.563,3.62,Standard
Tumakuru,Buffalo,7.46,9.46,5.08,4.11,1028.9,6.71,2.03,0,-0.536,4.2,Standard
Kalaburagi,Buffalo,7.79,9.5,4.77,4.36,1031.5,6.73,10.08,0,-0.542,3.99,Standard
Mangaluru,Buffalo,7.54,9.26,5.27,4.08,1035.1,6.61,20.0,0,-0.54,4.05,Low Quality
Tumakuru,Buffalo,6.31,9.69,5.12,3.9,1029.2,6.65,0.18,0,-0.561,4.63,Standard
Bengaluru,Buffalo,6.94,9.46,4.81,4.12,1025.9,6.79,5.73,0,-0.593,3.82,Standard
Mandya,Buffalo,7.41,9.63,5.16,4.29,1030.4,6.88,1.86,0,-0.528,4.44,Standard
Mysuru,Buffalo,6.77,9.23,4.91,4.17,1033.2,6.68,1.99,0,-0.56,4.12,Standard
Bengaluru,Buffalo,7.86,9.37,5.07,4.09,1034.9,6.63,5.61,1,-0.567,4.12,Low Quality
Davanagere,Buffalo,8.42,9.72,5.0,3.88,1028.5,6.7,10.02,0,-0.536,4.44,Standard
Ballari,Buffalo,8.23,9.39,4.73,4.28,1032.0,6.79,12.06,0,-0.558,4.3,Standard
Mangaluru,Buffalo,7.37,10.02,4.77,3.85,1030.1,6.48,3.44,0,-0.529,4.37,Standard
Mangaluru,Buffalo,8.39,9.38,5.11,4.53,1030.8,6.36,1.77,0,-0.538,4.49,Fermented
Hubballi-Dharwad,Buffalo,7.59,9.57,4.83,4.32,1036.3,6.62,6.2,0,-0.536,4.1,Standard
Tumakuru,Buffalo,7.3,9.78,4.82,3.86,1028.0,6.52,1.16,0,-0.577,4.02,Standard
Belagavi,Buffalo,7.13,9.07,4.71,4.21,1031.5,6.62,3.32,0,-0.526,3.87,Standard
Tumakuru,Buffalo,7.32,8.97,4.98,4.07,1031.9,6.68,1.78,0,-0.545,3.95,Standard
Belagavi,Buffalo,7.27,9.04,5.31,4.4,1033.2,6.63,4.28,0,-0.557,5.08,Standard
Hassan,Buffalo,7.6,9.88,4.69,4.7,1031.2,6.92,1.1,0,-0.547,4.57,Standard
Kalaburagi,Buffalo,7.6,9.33,4.9,3.74,1031.6,6.75,0.85,1,-0.586,3.79,Low Quality
Shivamogga,Buffalo,7.5,10.27,5.18,4.33,1030.2,6.75,10.02,0,-0.542,3.8,Standard
Ballari,Buffalo,7.76,9.33,4.88,4.25,1031.5,6.79,0.43,0,-0.571,4.34,Standard
Mandya,Buffalo,8.21,9.56,4.99,4.5,1030.3,6.53,2.82,0,-0.577,4.36,Standard
Bengaluru,Buffalo,8.07,9.96,4.69,4.36,1032.2,6.86,1.0,0,-0.58,4.36,Standard
Ballari,Buffalo,6.61,10.1,4.99,4.07,1030.3,6.69,0.16,0,-0.528,4.12,Standard
Kalaburagi,Buffalo,5.97,10.12,4.86,4.2,1031.8,6.8,0.15,0,-0.563,4.16,Standard
Belagavi,Buffalo,8.06,9.86,5.1,4.06,1030.9,6.54,0.77,1,-0.519,4.3,Low Quality
Ballari,Buffalo,6.68,9.81,5.14,4.62,1033.3,6.47,8.06,0,-0.561,4.23,Standard
Davanagere,Buffalo,7.37,9.68,5.42,4.31,1030.9,6.82,1.33,0,-0.584,3.53,Standard
Bengaluru,Buffalo,6.8,9.73,5.02,4.87,1027.5,6.76,12.02,0,-0.572,4.13,Standard
Hubballi-Dharwad,Buffalo,6.42,9.33,4.97,4.28,1033.5,6.56,3.49,0,-0.525,3.94,Standard
Hassan,Buffalo,7.82,9.25,4.94,4.09,1029.2,6.57,2.3,0,-0.553,4.25,Standard
Hubballi-Dharwad,Buffalo,7.96,9.5,4.83,3.85,1029.7,6.87,3.47,0,-0.561,5.1,Standard
Belagavi,Buffalo,7.15,9.45,4.97,3.76,1029.8,6.52,2.91,0,-0.547,4.31,Standard
Mysuru,Buffalo,5.95,9.36,4.84,3.82,1033.7,6.95,5.69,0,-0.54,4.11,Standard
Tumakuru,Buffalo,7.17,9.71,4.93,4.38,1026.7,6.56,1.33,0,-0.528,4.48,Standard
Belagavi,Buffalo,7.74,9.79,5.16,4.45,1037.3,6.8,1.74,0,-0.521,4.34,Standard
Hassan,Buffalo,6.61,9.53,4.7,3.83,1033.1,6.65,8.98,0,-0.557,4.33,Standard
Bengaluru,Buffalo,7.61,9.94,5.13,4.57,1031.4,6.79,11.71,0,-0.577,4.38,Standard
Davanagere,Buffalo,7.49,9.16,5.16,4.16,1030.9,6.62,8.92,0,-0.558,4.82,Standard
Kalaburagi,Buffalo,7.85,9.44,4.88,4.34,1031.6,6.68,2.18,0,-0.545,3.86,Standard
Shivamogga,Buffalo,7.57,9.28,4.48,4.78,1032.0,6.71,6.06,1,-0.569,4.34,Low Quality
Hubballi-Dharwad,Buffalo,6.92,8.94,4.78,4.57,1032.3,6.55,2.59,1,-0.569,3.92,Low Quality
Belagavi,Buffalo,8.22,9.48,5.16,4.22,1032.1,6.81,2.75,0,-0.543,4.37,Standard
Kalaburagi,Buffalo,7.4,9.46,4.9,4.03,1031.2,6.62,0.92,0,-0.551,3.92,Standard
Davanagere,Buffalo,7.48,9.95,4.7,3.65,1030.6,6.67,3.58,0,-0.549,4.07,Standard
Hubballi-Dharwad,Buffalo,6.94,9.69,4.8,4.08,1030.7,6.55,0.82,0,-0.565,4.11,Standard
Belagavi,Buffalo,7.23,9.19,5.07,4.24,1030.6,6.32,1.61,0,-0.555,4.49,Fermented
Hassan,Buffalo,6.97,10.06,5.01,4.0,1033.3,6.67,7.72,0,-0.568,4.48,Standard
Hubballi-Dharwad,Buffalo,7.4,9.87,4.85,4.26,1032.2,7.06,0.93,1,-0.532,3.83,Low Quality
Belagavi,Buffalo,8.53,9.67,4.83,4.32,1025.1,6.82,0.3,0,-0.529,4.22,Standard
Bengaluru,Buffalo,6.68,9.43,4.82,4.23,1032.3,6.7,0.29,0,-0.587,3.99,Standard
Davanagere,Buffalo,6.53,9.21,4.72,4.1,1031.4,6.66,11.31,0,-0.569,3.82,Standard
Hassan,Buffalo,8.38,9.39,5.22,4.35,1031.0,6.7,2.83,0,-0.58,4.13,Standard
Kalaburagi,Buffalo,7.37,9.83,4.84,4.43,1030.2,6.78,2.11,0,-0.563,4.11,Standard
Kalaburagi,Buffalo,7.1,10.07,5.14,3.97,1033.2,6.52,6.66,0,-0.552,4.93,Standard
Shivamogga,Buffalo,8.12,9.96,5.2,4.72,1032.9,6.87,7.23,0,-0.579,4.33,Standard
Ballari,Buffalo,7.14,9.35,5.1,4.27,1029.5,6.81,1.62,0,-0.568,3.79,Standard
Mysuru,Buffalo,8.6,9.16,4.81,4.31,1031.8,6.81,4.73,0,-0.57,4.03,Standard
Bengaluru,Buffalo,7.91,9.54,4.98,4.51,1029.1,6.77,5.9,0,-0.546,4.51,Standard
Hassan,Buffalo,7.21,8.97,4.9,4.37,1028.2,6.7,4.25,0,-0.549,4.83,Standard
Hubballi-Dharwad,Buffalo,8.79,9.6,4.72,4.59,1029.7,6.8,0.66,0,-0.564,3.72,Standard
Kalaburagi,Buffalo,7.14,9.46,4.96,4.39,1032.7,6.79,8.35,0,-0.546,3.64,Standard
Tumakuru,Buffalo,7.95,9.36,4.66,4.12,1032.9,6.65,3.1,0,-0.561,4.76,Standard
Davanagere,Buffalo,7.68,9.02,5.14,4.41,1032.0,6.61,1.33,0,-0.555,4.32,Standard
Bengaluru,Buffalo,8.28,9.65,4.81,3.96,1032.5,6.72,2.22,0,-0.517,3.94,Standard
Hassan,Buffalo,8.44,9.34,4.94,4.33,1032.0,6.93,0.15,0,-0.523,4.36,Standard
Hassan,Buffalo,7.52,9.15,4.96,4.29,1029.7,6.51,0.55,0,-0.576,3.41,Standard
Hubballi-Dharwad,Buffalo,7.05,8.64,4.85,4.24,1031.9,6.48,5.8,1,-0.533,4.2,Low Quality
Hassan,Buffalo,7.78,9.49,5.02,4.26,1032.6,6.72,0.0,0,-0.534,4.3,Standard
Mandya,Buffalo,7.09,10.03,4.81,3.74,1032.5,6.71,2.16,0,-0.573,4.48,Standard
Bengaluru,Buffalo,8.71,10.0,5.07,4.14,1033.4,6.73,2.96,0,-0.534,3.9,Standard
Belagavi,Buffalo,7.58,9.36,4.63,4.33,1032.4,6.74,0.22,0,-0.519,4.23,Standard
Kalaburagi,Buffalo,7.28,9.32,4.93,4.35,1031.7,6.67,14.46,0,-0.572,3.92,Standard
Kalaburagi,Buffalo,7.61,9.64,5.29,3.99,1033.1,6.92,1.03,0,-0.568,4.28,Standard
Belagavi,Buffalo,6.69,9.2,4.7,4.68,1030.9,6.46,1.45,0,-0.53,3.93,Standard
Bengaluru,Buffalo,6.92,9.59,4.76,4.04,1029.2,6.58,1.45,0,-0.545,4.08,Standard
Mysuru,Buffalo,8.22,9.73,5.0,4.59,1030.7,6.68,1.05,1,-0.539,3.9,Low Quality
Tumakuru,Buffalo,7.11,9.87,4.94,4.43,1029.5,6.45,0.01,0,-0.543,4.4,Standard
Bengaluru,Buffalo,6.87,9.47,4.97,4.11,1029.6,6.67,5.23,0,-0.542,4.46,Standard
Mangaluru,Buffalo,7.82,9.44,5.0,4.83,1030.7,6.95,13.63,0,-0.577,4.13,Standard
Hassan,Buffalo,8.21,9.24,5.03,3.94,1029.4,6.7,1.02,0,-0.529,4.21,Standard
Ballari,Buffalo,7.93,9.25,5.12,4.58,1030.4,6.73,4.35,0,-0.527,3.77,Standard
Hubballi-Dharwad,Buffalo,8.1,9.43,4.98,4.6,1027.2,6.51,5.42,0,-0.555,4.11,Standard
Mandya,Buffalo,7.05,9.61,4.85,4.1,1031.4,6.61,7.55,0,-0.551,4.18,Standard
Ballari,Buffalo,6.65,9.77,5.03,4.72,1031.0,6.64,2.2,0,-0.581,4.99,Standard
Belagavi,Buffalo,8.4,9.26,5.28,4.22,1029.4,6.65,1.44,0,-0.54,3.87,Standard
Hubballi-Dharwad,Buffalo,7.31,9.95,4.87,4.39,1032.3,6.89,1.57,0,-0.539,4.64,Standard
Hubballi-Dharwad,Buffalo,7.35,9.42,4.71,4.38,1032.9,6.78,4.99,0,-0.551,4.5,Standard
Tumakuru,Buffalo,8.3,9.49,5.12,4.26,1027.8,6.53,6.79,0,-0.528,4.28,Standard
Hubballi-Dharwad,Buffalo,7.83,9.28,4.88,4.54,1029.5,6.74,0.8,0,-0.557,4.73,Standard
Kalaburagi,Buffalo,7.77,8.77,4.47,4.54,1029.5,6.77,1.85,1,-0.539,4.31,Low Quality
Mandya,Buffalo,8.8,9.77,5.07,3.78,1029.1,6.87,9.29,0,-0.57,4.32,Standard
Kalaburagi,Buffalo,7.11,9.72,4.79,4.69,1032.7,6.94,6.57,0,-0.55,4.18,Standard
Hassan,Buffalo,8.06,9.42,4.88,3.8,1030.6,6.55,16.76,0,-0.553,4.57,Low Quality
Mangaluru,Buffalo,7.53,9.52,4.97,4.61,1030.5,6.58,5.61,0,-0.545,4.53,Standard
Shivamogga,Buffalo,7.66,9.65,4.94,4.64,1027.0,6.51,2.0,0,-0.557,4.01,Standard
Tumakuru,Buffalo,8.42,9.03,5.04,3.97,1032.3,6.66,3.57,0,-0.553,3.8,Standard
Mandya,Buffalo,7.8,9.34,4.81,4.18,1028.5,6.77,4.33,0,-0.533,4.14,Standard
Ballari,Buffalo,7.82,9.74,5.0,3.97,1031.1,6.85,0.33,0,-0.559,3.96,Standard
Davanagere,Buffalo,8.14,9.12,4.85,4.24,1031.6,6.69,3.15,0,-0.582,4.18,Standard
Hassan,Buffalo,7.28,9.59,5.05,4.21,1033.7,6.65,4.94,0,-0.515,4.57,Standard
Bengaluru,Buffalo,7.0,9.09,5.02,4.53,1028.4,6.72,0.73,0,-0.522,4.06,Standard
Belagavi,Buffalo,6.87,9.64,4.71,4.69,1025.0,6.57,6.07,0,-0.576,4.19,Standard
Mangaluru,Buffalo,6.32,9.49,5.12,4.72,1031.4,7.01,3.51,0,-0.536,4.22,Standard
Hassan,Buffalo,8.73,9.02,4.79,4.13,1034.6,6.46,12.16,0,-0.56,4.45,Standard
Bengaluru,Buffalo,6.84,9.85,5.06,4.24,1033.5,6.73,0.17,0,-0.545,3.53,Standard
Mangaluru,Buffalo,7.37,9.28,4.97,3.79,1031.4,7.0,1.23,0,-0.544,4.02,Standard
Bengaluru,Buffalo,7.33,9.26,5.27,4.06,1030.0,6.7,3.68,0,-0.555,4.26,Standard
Mandya,Buffalo,7.68,9.56,4.86,4.59,1032.6,6.67,1.41,0,-0.566,4.56,Standard
Tumakuru,Buffalo,7.99,9.84,4.83,4.78,1029.1,6.65,5.01,0,-0.564,4.05,Standard
Davanagere,Buffalo,8.02,9.2,4.9,3.93,1032.0,6.67,5.69,0,-0.568,3.64,Standard
Bengaluru,Buffalo,7.15,9.52,4.84,4.12,1032.0,6.91,0.43,0,-0.567,4.39,Standard
Mangaluru,Buffalo,7.4,9.63,5.06,4.29,1033.1,6.37,2.88,0,-0.551,4.01,Fermented
Bengaluru,Buffalo,7.67,9.71,4.58,4.38,1036.5,6.93,2.84,0,-0.564,3.84,Standard
Davanagere,Buffalo,7.35,9.55,4.69,4.06,1031.8,6.49,1.84,0,-0.536,4.01,Standard
Ballari,Buffalo,8.46,9.39,4.69,4.43,1030.0,6.66,10.81,1,-0.52,4.14,Low Quality
Hassan,Buffalo,7.79,9.25,5.09,4.16,1030.9,6.64,7.03,0,-0.562,4.02,Standard
Mangaluru,Buffalo,7.94,9.53,5.24,4.3,1027.5,6.79,4.78,0,-0.545,3.54,Standard
Ballari,Buffalo,7.9,9.18,4.88,4.46,1029.6,6.46,5.01,1,-0.54,4.47,Low Quality
Bengaluru,Buffalo,8.2,8.62,4.87,4.3,1030.2,6.77,2.48,0,-0.541,4.58,Standard
Bengaluru,Buffalo,7.61,9.63,4.91,4.17,1030.0,7.0,10.15,0,-0.548,4.4,Standard
Hubballi-Dharwad,Buffalo,6.72,9.77,5.13,4.27,1031.3,6.5,4.74,0,-0.535,3.86,Standard
Mangaluru,Buffalo,7.74,8.79,4.71,4.27,1029.4,6.73,5.22,0,-0.54,4.14,Standard
Mandya,Buffalo,7.11,9.2,4.95,4.19,1033.2,6.6,7.91,0,-0.575,4.2,Standard
Bengaluru,Buffalo,7.18,9.69,5.1,4.22,1031.0,6.76,1.28,0,-0.533,4.38,Standard
Belagavi,Buffalo,7.85,10.12,5.0,4.78,1031.0,6.7,6.58,0,-0.532,4.4,Standard
Kalaburagi,Buffalo,8.24,9.51,4.94,4.47,1030.3,6.6,0.87,0,-0.565,3.98,Standard
Shivamogga,Buffalo,7.51,9.28,5.1,4.21,1031.3,6.77,1.69,0,-0.549,4.22,Standard
Kalaburagi,Buffalo,7.69,9.45,4.36,4.51,1032.7,6.97,1.64,0,-0.536,4.34,Standard
Mandya,Buffalo,8.52,9.91,5.04,4.2,1029.3,6.67,15.36,0,-0.554,4.64,Low Quality
Hassan,Buffalo,7.64,9.31,4.77,4.65,1029.7,6.81,7.77,0,-0.529,4.41,Standard
Tumakuru,Buffalo,9.06,9.26,4.53,4.41,1030.4,6.51,4.83,0,-0.503,4.44,Standard
Mysuru,Buffalo,7.84,9.36,5.0,4.27,1028.3,6.56,5.19,0,-0.566,4.23,Standard
Belagavi,Buffalo,6.44,9.21,5.17,4.43,1029.4,6.77,3.3,0,-0.578,4.62,Standard
Mysuru,Buffalo,7.95,9.54,4.87,3.83,1030.0,6.92,11.76,0,-0.544,4.32,Standard
Bengaluru,Buffalo,7.73,9.99,5.09,3.96,1032.7,6.75,2.74,0,-0.536,3.94,Standard
Davanagere,Buffalo,8.27,9.6,5.22,3.94,1031.5,6.65,1.92,0,-0.555,4.62,Standard
Hassan,Buffalo,7.9,9.42,5.16,4.34,1031.4,6.7,0.71,0,-0.521,4.41,Standard
Ballari,Buffalo,7.42,9.41,5.23,4.82,1032.7,6.51,6.17,1,-0.577,4.07,Low Quality
Bengaluru,Buffalo,6.77,9.03,5.05,4.97,1030.7,6.79,5.3,0,-0.536,4.06,Standard
Mysuru,Goat,3.92,9.16,4.67,3.74,1029.2,6.82,2.7,0,-0.537,4.9,Standard
Bengaluru,Goat,3.99,8.71,4.41,3.53,1025.9,6.68,2.57,0,-0.496,4.94,Standard
Shivamogga,Goat,3.88,8.54,4.32,3.11,1027.9,6.53,0.53,0,-0.547,4.4,Standard
Hubballi-Dharwad,Goat,3.92,8.59,4.69,3.28,1033.8,6.65,1.91,0,-0.555,4.83,Standard
Shivamogga,Goat,4.48,8.75,4.68,3.46,1027.4,6.67,2.42,0,-0.533,4.44,Standard
Hassan,Goat,4.23,8.79,4.79,3.56,1030.4,6.42,2.53,0,-0.534,4.73,Standard
Davanagere,Goat,3.88,8.67,4.38,3.49,1032.0,6.38,0.71,1,-0.516,4.32,Low Quality
Ballari,Goat,4.18,8.51,4.45,3.74,1027.5,6.51,4.07,0,-0.565,4.16,Standard
Shivamogga,Goat,3.39,8.76,4.17,3.11,1030.4,6.63,0.08,0,-0.525,4.59,Standard
Mangaluru,Goat,3.96,8.95,4.42,3.53,1031.9,6.52,1.31,0,-0.528,4.66,Standard
Ballari,Goat,4.52,9.08,4.7,3.14,1030.0,6.26,4.55,1,-0.543,4.58,Low Quality
Davanagere,Goat,3.71,8.73,4.41,3.65,1035.7,6.38,2.49,0,-0.533,4.34,Fermented
Mysuru,Goat,3.46,8.78,4.63,3.48,1026.7,6.49,0.91,0,-0.519,4.58,Standard
Shivamogga,Goat,3.54,8.62,4.46,3.58,1032.1,6.49,3.56,0,-0.523,4.78,Standard
Hubballi-Dharwad,Goat,3.36,8.89,4.56,3.33,1029.7,6.8,2.51,0,-0.563,4.69,Standard
Ballari,Goat,3.49,8.65,4.27,3.76,1031.5,6.29,4.77,0,-0.524,4.75,Fermented
Bengaluru,Goat,3.65,9.07,4.52,3.71,1030.9,6.58,3.98,0,-0.541,4.5,Standard
Hubballi-Dharwad,Goat,3.24,8.36,3.9,3.62,1028.5,6.72,2.83,0,-0.539,5.05,Standard
Bengaluru,Goat,3.81,8.79,4.46,3.47,1030.5,6.84,2.01,0,-0.539,4.35,Standard
Davanagere,Goat,4.16,8.99,4.17,3.62,1026.3,6.44,0.43,0,-0.543,4.85,Standard
Shivamogga,Goat,3.44,8.96,4.74,3.36,1031.2,6.57,0.91,0,-0.516,5.05,Standard
Belagavi,Goat,4.41,9.71,4.66,3.67,1030.6,6.59,1.63,0,-0.542,4.84,Standard
Belagavi,Goat,4.0,9.0,4.59,3.83,1031.3,6.53,2.74,0,-0.562,4.64,Standard
Mysuru,Goat,4.21,8.6,4.8,3.71,1032.1,6.49,2.16,0,-0.548,4.54,Standard
Hubballi-Dharwad,Goat,3.54,8.87,4.31,3.35,1030.7,6.57,1.02,0,-0.536,5.01,Standard
Bengaluru,Goat,4.14,8.37,4.85,3.57,1030.3,6.12,0.02,0,-0.515,4.27,Fermented
Mandya,Goat,3.36,8.88,4.69,3.24,1028.2,6.6,2.06,0,-0.528,4.41,Standard
Hubballi-Dharwad,Goat,4.16,8.65,4.45,3.61,1028.6,6.52,1.01,0,-0.557,4.58,Standard
Mangaluru,Goat,3.87,9.17,4.73,3.59,1032.4,6.47,3.98,0,-0.49,5.07,Standard
Mysuru,Goat,4.02,8.74,4.28,3.13,1032.9,6.81,0.07,0,-0.535,4.81,Standard
Kalaburagi,Goat,3.33,8.86,4.34,3.27,1029.5,6.4,2.64,0,-0.514,4.41,Standard
Kalaburagi,Goat,3.44,8.71,4.38,3.44,1030.1,6.44,8.51,0,-0.543,4.61,Standard
Bengaluru,Goat,4.04,9.42,4.39,3.44,1028.2,6.8,0.57,0,-0.529,4.52,Standard
Belagavi,Goat,3.42,8.8,4.29,3.26,1032.3,6.38,1.91,0,-0.523,4.49,Fermented
Ballari,Goat,3.99,9.45,4.74,3.58,1031.3,6.42,0.29,0,-0.516,4.99,Standard
Mangaluru,Goat,3.25,9.14,4.45,3.55,1033.9,6.48,2.95,0,-0.519,4.29,Standard
Kalaburagi,Goat,4.14,9.04,4.57,3.46,1028.2,6.63,2.4,0,-0.523,5.18,Standard
Bengaluru,Goat,3.31,9.01,4.39,3.35,1029.2,6.53,1.57,0,-0.546,4.95,Standard
Bengaluru,Goat,4.02,9.02,4.14,3.71,1030.5,6.31,2.21,1,-0.551,5.03,Low Quality
Shivamogga,Goat,4.05,8.32,4.55,3.83,1031.3,6.42,6.81,0,-0.533,4.56,Standard
Belagavi,Goat,3.52,8.82,4.12,3.4,1029.6,6.41,0.66,0,-0.521,4.66,Standard
Hubballi-Dharwad,Goat,4.03,9.15,4.49,3.38,1028.3,6.49,0.07,0,-0.544,4.27,Standard
Ballari,Goat,3.9,8.89,4.23,3.6,1031.8,6.56,5.93,0,-0.519,4.54,Standard
Shivamogga,Goat,3.58,8.48,4.9,3.43,1031.4,6.56,2.58,1,-0.511,4.85,Low Quality
Kalaburagi,Goat,3.4,8.88,4.68,3.47,1028.2,6.23,6.64,0,-0.558,5.09,Fermented
Ballari,Goat,3.01,9.41,4.52,3.65,1032.7,6.66,2.73,0,-0.557,4.37,Standard
Mysuru,Goat,3.94,9.27,4.75,3.12,1032.3,6.54,4.98,0,-0.543,4.59,Standard
Belagavi,Goat,3.17,8.88,4.33,3.76,1030.3,6.71,1.68,0,-0.534,4.65,Standard
Kalaburagi,Goat,3.84,9.19,4.61,3.51,1030.2,6.57,4.16,0,-0.55,4.28,Standard
Davanagere,Goat,3.69,8.79,4.54,3.42,1031.1,6.67,7.33,0,-0.513,4.88,Standard
Bengaluru,Goat,4.07,8.39,4.55,3.48,1028.3,6.57,2.55,0,-0.532,4.48,Standard
Kalaburagi,Goat,3.68,8.62,4.75,3.49,1030.1,6.7,0.6,0,-0.539,4.64,Standard
Mandya,Goat,3.67,9.37,4.65,3.15,1025.7,6.58,0.94,0,-0.569,4.56,Standard
Hassan,Goat,4.09,8.82,4.56,3.8,1031.8,6.49,0.66,0,-0.566,4.46,Standard
Davanagere,Goat,3.93,8.83,4.17,3.51,1026.9,6.84,0.85,0,-0.534,4.7,Standard
Hassan,Goat,3.93,8.81,4.31,3.59,1033.0,6.63,1.1,0,-0.583,4.64,Standard
Kalaburagi,Goat,3.99,9.47,4.48,3.69,1029.3,6.59,2.43,0,-0.52,4.59,Standard
Mandya,Goat,3.19,9.39,4.52,3.3,1029.6,6.31,2.66,0,-0.543,4.48,Fermented
Kalaburagi,Goat,4.1,9.57,4.27,3.59,1028.7,6.31,1.67,0,-0.475,4.8,Fermented
Hassan,Goat,4.04,8.85,4.98,3.45,1029.4,6.54,2.87,0,-0.494,5.2,Standard
Shivamogga,Goat,3.39,8.99,4.8,3.67,1032.8,6.52,0.26,1,-0.544,4.74,Low Quality
Mysuru,Goat,3.7,8.45,4.62,3.07,1025.0,6.41,0.28,0,-0.542,5.0,Standard
Hassan,Goat,3.78,9.34,4.51,3.48,1032.6,6.52,0.57,0,-0.52,4.28,Standard
Mysuru,Goat,3.75,8.55,4.46,3.38,1030.7,6.74,2.19,0,-0.506,4.75,Standard
Bengaluru,Goat,3.93,8.97,4.31,3.59,1027.6,6.6,0.72,0,-0.573,4.37,Standard
Mysuru,Goat,4.37,8.57,4.52,3.59,1027.8,6.33,1.0,0,-0.576,4.26,Fermented
Shivamogga,Goat,4.23,8.72,4.55,3.36,1033.4,6.48,1.53,0,-0.552,4.48,Standard
Mandya,Goat,3.28,8.65,4.25,3.36,1028.1,6.38,5.01,0,-0.528,5.06,Fermented
Mysuru,Goat,4.05,8.72,4.57,3.48,1027.7,6.44,0.04,1,-0.53,4.99,Low Quality
Ballari,Goat,4.33,8.74,4.47,3.32,1032.3,6.44,3.14,0,-0.519,4.77,Standard
Hubballi-Dharwad,Goat,3.95,8.74,4.12,3.67,1030.7,6.43,3.32,0,-0.564,4.24,Standard
Hassan,Goat,4.24,9.15,4.33,3.43,1028.1,6.31,4.81,0,-0.586,4.64,Fermented
Mandya,Goat,4.6,8.57,4.42,2.92,1030.4,6.48,8.1,0,-0.523,4.79,Standard
Mangaluru,Goat,4.21,8.97,4.88,3.43,1027.9,6.42,0.06,0,-0.557,4.75,Standard
Tumakuru,Goat,3.9,9.27,4.61,3.29,1032.2,6.06,0.5,0,-0.58,4.15,Fermented
Bengaluru,Goat,4.22,8.75,4.23,3.17,1032.1,6.81,6.52,0,-0.537,4.43,Standard
Hubballi-Dharwad,Goat,3.86,8.68,4.6,3.25,1031.1,6.66,1.84,1,-0.524,4.68,Low Quality
Ballari,Goat,3.81,8.83,4.19,3.52,1030.7,6.44,2.49,0,-0.542,4.86,Standard
Belagavi,Goat,3.66,9.25,4.72,3.77,1033.5,6.5,3.26,0,-0.549,4.04,Standard
Shivamogga,Goat,4.43,8.96,4.41,3.56,1030.0,6.32,3.41,0,-0.543,4.65,Fermented
Kalaburagi,Goat,3.47,8.74,4.48,3.38,1027.6,6.75,8.05,0,-0.547,4.74,Standard
Hubballi-Dharwad,Goat,4.41,9.05,4.77,3.59,1030.9,6.78,17.38,0,-0.567,4.95,Low Quality
Mandya,Goat,4.0,8.57,4.24,3.41,1034.2,6.52,3.82,0,-0.554,4.91,Standard
Mandya,Goat,3.24,9.1,4.22,3.36,1028.0,6.65,1.02,0,-0.53,4.87,Standard
Mandya,Goat,3.95,9.02,4.38,3.27,1029.3,6.53,6.35,0,-0.534,4.46,Standard
Bengaluru,Goat,2.96,8.81,4.71,3.15,1030.8,6.3,0.15,0,-0.537,4.13,Fermented
Mysuru,Goat,4.05,8.65,4.2,3.42,1029.9,6.44,0.79,0,-0.56,4.58,Standard
Hassan,Goat,4.15,8.63,3.93,3.53,1028.0,6.52,6.83,0,-0.544,5.0,Standard
Belagavi,Goat,3.56,9.06,4.41,3.48,1032.2,6.43,0.89,0,-0.584,5.12,Standard
Kalaburagi,Goat,3.85,9.27,4.61,3.42,1034.6,6.47,0.75,0,-0.536,4.91,Standard
Mandya,Goat,4.58,8.71,4.74,3.31,1030.4,6.49,0.45,0,-0.511,4.83,Standard
Kalaburagi,Goat,3.6,9.04,4.41,3.62,1028.2,6.49,5.88,0,-0.569,4.81,Standard
Mangaluru,Goat,3.38,8.27,4.42,3.24,1026.9,6.51,2.08,0,-0.552,4.53,Standard
Bengaluru,Goat,4.39,8.72,4.73,3.66,1030.5,6.34,3.37,0,-0.533,4.66,Fermented
Davanagere,Goat,4.59,8.89,4.13,3.3,1032.2,6.39,0.82,0,-0.515,5.2,Fermented
Mandya,Goat,3.8,8.63,4.42,3.35,1031.0,6.31,4.26,0,-0.549,4.42,Fermented
Mangaluru,Goat,4.2,8.62,4.54,3.21,1030.0,6.65,4.28,0,-0.554,5.18,Standard
Belagavi,Goat,4.34,8.7,4.59,3.4,1028.8,6.18,1.12,0,-0.579,4.6,Fermented
Belagavi,Goat,3.5,8.99,4.4,3.7,1027.8,6.67,1.59,0,-0.538,5.1,Standard
Hassan,Goat,3.61,8.84,4.51,3.6,1031.7,6.71,0.71,0,-0.499,4.28,Standard
Ballari,Goat,4.29,8.23,4.0,3.7,1031.8,6.45,11.26,0,-0.534,4.88,Standard
Hassan,Goat,4.47,8.26,4.37,3.6,1026.9,6.11,3.11,0,-0.54,4.48,Fermented
Mysuru,Goat,4.03,8.72,4.59,3.28,1033.2,6.45,8.18,0,-0.534,4.28,Standard
Kalaburagi,Goat,3.45,9.04,4.3,3.43,1031.1,6.49,1.08,0,-0.54,4.77,Standard
Shivamogga,Goat,4.59,8.08,4.51,3.34,1032.8,6.35,4.57,0,-0.556,5.0,Fermented
Belagavi,Goat,3.59,8.75,4.59,3.77,1027.3,6.42,4.36,0,-0.524,4.45,Standard
Shivamogga,Goat,3.67,8.74,4.43,3.26,1027.3,6.73,3.53,0,-0.535,4.25,Standard
Bengaluru,Goat,3.94,9.32,4.53,3.68,1029.7,6.6,10.11,1,-0.54,4.67,Low Quality
Hubballi-Dharwad,Goat,4.42,8.78,4.31,3.68,1031.0,6.36,1.5,0,-0.56,4.67,Fermented
Mandya,Goat,4.14,9.01,4.46,3.87,1033.6,6.26,0.42,0,-0.514,4.86,Fermented
Bengaluru,Goat,3.97,8.94,4.62,3.42,1031.4,6.45,3.34,0,-0.527,4.98,Standard
Tumakuru,Goat,3.99,8.26,4.53,3.64,1029.5,6.47,3.92,0,-0.551,4.68,Standard
Belagavi,Goat,3.82,9.13,4.38,3.96,1027.9,6.57,2.57,0,-0.52,5.26,Standard
Mangaluru,Goat,4.02,8.96,4.54,3.38,1032.5,6.42,0.7,0,-0.55,4.77,Standard
Kalaburagi,Goat,2.79,9.05,4.64,3.19,1028.1,6.58,2.11,0,-0.556,4.6,Standard
Shivamogga,Goat,3.68,10.08,4.09,3.12,1033.3,6.79,1.12,0,-0.555,4.22,Standard
Hassan,Goat,3.9,8.27,4.73,3.64,1029.4,6.62,1.67,0,-0.575,4.62,Standard
Hubballi-Dharwad,Goat,3.34,9.42,4.43,3.12,1033.2,6.49,3.11,0,-0.531,4.6,Standard
Ballari,Goat,3.95,8.81,4.59,3.43,1031.4,6.47,4.1,1,-0.577,4.99,Low Quality
Bengaluru,Goat,3.72,8.99,4.74,3.59,1029.7,6.45,0.79,0,-0.565,4.84,Standard
Ballari,Goat,4.5,8.89,4.23,3.54,1029.0,6.68,1.56,0,-0.582,4.35,Standard
Davanagere,Goat,4.43,8.77,4.36,3.59,1029.3,6.41,0.94,0,-0.542,4.75,Standard
Tumakuru,Goat,3.61,8.73,4.44,3.54,1030.9,6.51,0.66,0,-0.543,4.9,Standard
Shivamogga,Goat,3.74,9.0,4.34,3.76,1030.2,6.51,4.59,0,-0.547,5.16,Standard
Shivamogga,Goat,3.77,8.44,4.85,3.31,1028.8,6.42,7.2,0,-0.561,4.97,Standard
Mandya,Goat,3.62,9.13,4.33,3.36,1029.7,6.29,1.39,0,-0.563,4.93,Fermented
Mangaluru,Goat,3.88,8.78,4.39,3.35,1030.2,6.55,4.17,0,-0.531,4.72,Standard
Davanagere,Goat,3.5,8.56,4.54,3.67,1025.7,6.49,6.82,0,-0.551,4.82,Standard
Mangaluru,Goat,3.35,8.76,4.26,3.68,1030.9,6.58,5.61,0,-0.534,5.07,Standard
Mysuru,Goat,4.05,9.28,4.42,3.59,1028.0,6.42,0.61,0,-0.558,4.3,Standard
Hassan,Goat,4.05,8.74,4.56,3.74,1027.7,6.68,9.39,0,-0.536,4.6,Standard
Belagavi,Goat,3.48,9.01,4.43,3.26,1026.6,6.37,1.42,0,-0.514,4.47,Fermented
Belagavi,Goat,4.16,8.68,4.48,3.83,1026.4,6.76,1.24,0,-0.528,4.81,Standard
Shivamogga,Goat,3.55,9.13,4.39,3.8,1027.3,6.24,0.19,0,-0.548,5.07,Fermented
Bengaluru,Goat,3.9,9.11,4.2,3.65,1028.6,6.57,2.0,0,-0.535,4.52,Standard
Kalaburagi,Goat,4.13,9.45,4.56,3.86,1033.9,6.57,0.35,0,-0.545,3.98,Standard
Belagavi,Goat,3.79,8.85,4.85,3.17,1028.9,6.38,0.86,0,-0.54,4.58,Fermented
Tumakuru,Goat,3.98,9.1,4.5,3.4,1030.4,6.56,1.14,0,-0.547,4.97,Standard
Davanagere,Goat,3.59,8.93,4.55,3.35,1030.8,6.69,4.96,0,-0.543,4.86,Standard
Tumakuru,Goat,3.72,9.29,4.64,3.64,1030.3,6.17,6.25,0,-0.536,4.83,Fermented
Tumakuru,Goat,3.72,8.68,4.25,3.29,1029.8,6.58,1.08,0,-0.56,4.62,Standard
Belagavi,Goat,3.5,9.12,4.84,3.65,1027.6,6.13,5.87,0,-0.56,4.32,Fermented
Bengaluru,Goat,3.73,8.84,4.54,3.77,1032.9,6.36,5.84,0,-0.568,4.85,Fermented
Hassan,Goat,3.18,8.88,4.83,3.64,1033.6,6.74,4.34,0,-0.572,4.45,Standard
Hubballi-Dharwad,Goat,3.6,8.93,4.35,3.56,1026.6,6.41,0.48,0,-0.564,5.36,Standard
Mangaluru,Goat,3.69,8.98,4.86,3.3,1028.0,6.32,3.52,1,-0.537,4.87,Low Quality
Mandya,Goat,3.7,8.87,4.66,3.33,1029.4,6.47,8.7,0,-0.558,4.53,Standard
Mandya,Goat,3.7,8.96,4.61,3.75,1028.1,6.81,3.44,0,-0.53,4.52,Standard
Mandya,Goat,3.78,9.37,4.55,3.66,1031.0,6.23,1.21,0,-0.539,4.67,Fermented
Tumakuru,Goat,3.99,9.2,4.45,3.49,1028.5,6.34,2.08,0,-0.579,4.63,Fermented
Bengaluru,Mixed,5.56,8.94,4.68,3.81,1028.9,6.74,0.58,0,-0.512,4.32,Standard
Davanagere,Mixed,5.09,9.07,4.52,3.88,1031.3,6.59,7.23,0,-0.538,4.4,Standard
Mandya,Mixed,4.63,9.34,4.9,3.57,1027.9,6.51,0.67,0,-0.532,4.44,Standard
Shivamogga,Mixed,5.95,8.77,4.64,3.69,1033.4,6.69,1.43,0,-0.584,4.43,Standard
Mysuru,Mixed,5.02,9.47,4.85,3.49,1028.2,6.66,1.15,0,-0.564,4.53,Standard
Tumakuru,Mixed,5.38,8.54,4.64,3.2,1030.4,6.65,1.86,0,-0.522,4.65,Standard
Bengaluru,Mixed,4.7,9.49,4.69,3.74,1031.6,6.61,1.18,1,-0.534,4.52,Low Quality
Bengaluru,Mixed,5.18,8.89,4.8,3.82,1028.9,6.59,2.69,0,-0.543,4.54,Standard
Davanagere,Mixed,5.16,8.93,4.76,3.75,1031.7,6.96,2.09,0,-0.529,3.93,Standard
Mangaluru,Mixed,4.06,8.43,4.3,3.31,1027.5,6.78,17.24,0,-0.507,4.42,Low Quality
Mandya,Mixed,6.01,8.86,4.48,3.63,1032.9,6.71,0.23,1,-0.544,4.54,Low Quality
Ballari,Mixed,5.65,8.69,4.89,3.26,1030.0,6.62,0.61,0,-0.539,4.62,Standard
Hubballi-Dharwad,Mixed,4.8,8.82,4.67,3.97,1028.8,6.75,0.22,0,-0.536,4.19,Standard
Tumakuru,Mixed,4.45,8.96,4.6,3.48,1029.4,6.68,3.93,0,-0.492,4.2,Standard
Mysuru,Mixed,5.17,9.29,4.43,3.95,1031.6,6.6,0.22,0,-0.582,4.23,Standard
Bengaluru,Mixed,5.04,9.06,4.48,3.89,1028.8,6.55,7.24,0,-0.526,4.56,Standard
Mysuru,Mixed,5.18,9.09,4.3,3.52,1028.5,6.59,2.87,0,-0.542,4.71,Standard
Bengaluru,Mixed,5.1,8.67,4.68,3.47,1029.6,6.12,2.99,0,-0.529,4.28,Fermented
Hassan,Mixed,5.25,8.74,4.58,3.77,1027.6,6.63,3.3,1,-0.553,4.67,Low Quality
Mangaluru,Mixed,5.72,9.54,4.51,3.53,1033.6,6.53,0.75,0,-0.541,4.44,Standard
Shivamogga,Mixed,5.28,8.78,4.69,3.72,1028.9,6.84,0.88,0,-0.526,4.36,Standard
Hassan,Mixed,4.48,9.5,4.77,3.6,1031.7,6.6,1.54,0,-0.478,4.34,Standard
Kalaburagi,Mixed,5.68,8.93,5.12,3.34,1030.4,6.42,3.6,0,-0.524,4.62,Standard
Mandya,Mixed,5.82,9.0,4.4,3.25,1028.0,6.59,0.94,0,-0.557,4.5,Standard
Kalaburagi,Mixed,6.58,9.32,4.93,3.75,1030.0,6.44,0.49,0,-0.548,5.08,Standard
Hubballi-Dharwad,Mixed,4.44,9.38,4.89,3.59,1031.6,6.67,14.04,0,-0.549,4.14,Standard
Ballari,Mixed,5.12,8.97,4.54,3.59,1029.6,6.64,0.09,0,-0.576,4.56,Standard
Shivamogga,Mixed,3.96,8.88,4.74,3.84,1032.4,6.74,6.49,0,-0.547,4.24,Standard
Hassan,Mixed,5.28,8.98,4.61,3.93,1032.0,6.48,6.21,0,-0.525,4.14,Standard
Mysuru,Mixed,4.73,9.1,4.74,3.65,1031.8,6.61,1.41,0,-0.565,4.4,Standard
Mysuru,Mixed,5.96,9.27,5.0,3.63,1029.1,6.4,0.58,0,-0.519,4.44,Standard
Hubballi-Dharwad,Mixed,4.61,9.0,4.82,3.8,1027.8,6.71,0.63,0,-0.53,5.28,Standard
Bengaluru,Mixed,4.16,9.19,4.8,3.43,1028.8,6.68,4.78,0,-0.555,4.34,Standard
Mysuru,Mixed,4.76,9.49,4.61,3.74,1030.4,6.67,4.12,0,-0.543,4.06,Standard
Mandya,Mixed,4.01,9.11,4.4,3.81,1031.1,6.6,6.11,0,-0.508,4.48,Standard
Ballari,Mixed,5.38,9.09,4.66,3.84,1025.7,6.66,11.09,0,-0.525,3.78,Standard
Mangaluru,Mixed,3.97,8.54,4.94,3.31,1030.0,6.84,4.71,0,-0.54,4.37,Standard
Mandya,Mixed,5.01,8.21,4.39,3.55,1030.3,6.56,0.68,0,-0.545,4.4,Standard
Ballari,Mixed,3.96,9.12,4.49,3.52,1029.4,6.62,1.12,0,-0.538,4.64,Standard
Tumakuru,Mixed,4.84,8.97,4.73,3.72,1032.6,6.44,7.39,0,-0.55,4.69,Standard
Hubballi-Dharwad,Mixed,5.82,8.85,4.5,3.8,1030.8,6.47,0.94,0,-0.582,4.25,Standard
Mandya,Mixed,5.18,9.07,4.54,4.0,1032.6,6.61,0.3,0,-0.499,4.35,Standard
Mangaluru,Mixed,4.57,8.98,4.62,3.6,1029.6,6.77,4.86,1,-0.537,4.17,Low Quality
Mangaluru,Mixed,4.98,9.34,4.43,3.6,1031.9,6.56,2.06,0,-0.532,4.06,Standard
Tumakuru,Mixed,5.01,9.03,4.51,3.93,1033.3,6.56,10.1,0,-0.541,4.49,Standard
Belagavi,Mixed,5.24,8.78,4.84,3.76,1032.6,6.54,4.2,0,-0.555,4.02,Standard
Davanagere,Mixed,4.32,9.3,4.44,3.95,1027.8,6.52,0.38,0,-0.544,4.28,Standard
Bengaluru,Mixed,5.3,8.93,4.38,3.76,1029.5,6.64,11.82,0,-0.572,4.1,Standard
Hubballi-Dharwad,Mixed,3.65,9.16,4.57,3.47,1029.3,6.38,1.2,0,-0.494,4.56,Fermented
Tumakuru,Mixed,4.69,8.86,4.85,3.43,1031.0,6.79,1.65,0,-0.565,4.94,Standard
Mandya,Mixed,4.76,8.81,4.66,3.39,1031.4,6.5,2.06,0,-0.561,4.01,Standard
Shivamogga,Mixed,5.32,9.03,4.61,3.83,1028.3,6.71,0.21,1,-0.549,3.84,Low Quality
Shivamogga,Mixed,5.01,9.0,4.71,3.94,1030.1,6.41,2.74,0,-0.514,4.36,Standard
Hubballi-Dharwad,Mixed,4.3,9.14,4.35,4.07,1026.0,6.7,0.53,0,-0.54,4.4,Standard
Davanagere,Mixed,4.51,8.92,4.8,3.87,1032.9,6.7,2.05,0,-0.565,4.47,Standard
Mandya,Mixed,5.1,8.45,4.78,3.93,1029.0,6.66,1.73,0,-0.515,4.27,Standard
Hassan,Mixed,4.96,8.87,4.62,3.58,1030.1,6.45,5.93,0,-0.525,4.34,Standard
Hassan,Mixed,4.71,9.24,4.9,3.47,1029.4,6.64,6.5,0,-0.529,4.51,Standard
Bengaluru,Mixed,4.76,8.91,4.47,3.87,1032.3,6.42,0.67,0,-0.526,4.71,Standard
Mandya,Mixed,5.35,8.93,4.93,3.78,1024.3,6.56,1.83,0,-0.492,3.81,Standard
Mangaluru,Mixed,4.74,9.3,4.73,3.72,1030.0,6.75,1.87,0,-0.496,4.29,Standard
Mysuru,Mixed,4.96,8.79,4.63,3.78,1029.8,6.72,0.66,0,-0.554,4.46,Standard
Shivamogga,Mixed,6.08,8.54,4.7,3.76,1029.1,6.6,6.41,0,-0.508,4.12,Standard
Davanagere,Mixed,4.29,8.95,4.68,3.96,1033.5,6.45,4.91,0,-0.532,4.92,Standard
Mandya,Mixed,4.07,8.85,4.94,3.96,1028.2,6.7,0.84,1,-0.53,4.21,Low Quality
Mandya,Mixed,5.39,8.71,4.48,3.81,1031.5,6.6,1.83,1,-0.574,4.39,Low Quality
Mysuru,Mixed,4.66,8.95,4.55,3.87,1030.7,6.25,0.45,0,-0.543,4.57,Fermented
Mysuru,Mixed,4.84,9.15,4.91,3.8,1032.5,6.72,3.96,0,-0.556,4.22,Standard
Ballari,Mixed,4.61,9.0,4.58,3.61,1028.7,6.6,0.52,0,-0.523,3.85,Standard
Tumakuru,Mixed,4.87,9.09,4.88,3.85,1028.5,6.78,17.06,0,-0.519,4.27,Low Quality
Belagavi,Mixed,5.8,9.54,5.04,3.42,1032.2,6.44,6.07,1,-0.581,4.71,Low Quality
Bengaluru,Mixed,5.4,8.9,4.62,3.91,1030.9,6.12,1.98,0,-0.54,4.3,Fermented
Shivamogga,Mixed,5.43,9.08,4.84,3.46,1026.9,6.64,3.46,0,-0.518,4.15,Standard
Mysuru,Mixed,4.29,8.85,4.47,3.76,1028.9,6.64,9.69,0,-0.544,4.68,Standard
Hassan,Mixed,4.42,8.75,4.85,3.53,1030.8,6.35,3.23,0,-0.525,4.3,Fermented
Hubballi-Dharwad,Mixed,3.58,8.82,4.74,3.81,1031.7,6.45,0.77,0,-0.533,4.25,Standard
Hassan,Mixed,4.6,8.86,4.79,3.69,1028.6,7.01,1.9,0,-0.533,4.44,Standard
Ballari,Mixed,5.48,9.11,4.57,3.38,1024.2,6.55,7.41,0,-0.545,4.63,Standard
Ballari,Mixed,5.26,9.7,4.37,3.78,1031.0,6.71,4.13,0,-0.564,5.11,Standard
Mysuru,Mixed,4.89,8.79,4.8,3.58,1027.6,6.5,4.21,0,-0.562,4.65,Standard
Ballari,Mixed,4.99,8.88,4.29,3.88,1026.0,6.29,8.06,0,-0.526,4.75,Fermented
Tumakuru,Mixed,4.66,8.98,4.64,3.7,1024.3,6.57,8.98,0,-0.54,4.25,Standard
Mangaluru,Mixed,5.1,9.12,4.89,3.78,1031.6,6.56,10.09,0,-0.543,4.09,Standard
Kalaburagi,Mixed,5.38,9.08,4.74,3.51,1030.3,6.54,0.4,0,-0.548,4.42,Standard
Mandya,Mixed,4.19,9.39,5.09,3.58,1029.5,6.58,3.14,1,-0.546,4.43,Low Quality
Mandya,Mixed,5.15,8.27,4.91,3.61,1032.8,6.64,5.4,0,-0.519,4.08,Standard
Mysuru,Mixed,5.47,8.28,4.57,3.87,1031.3,6.58,5.66,1,-0.547,4.35,Low Quality
Ballari,Mixed,4.79,8.85,4.71,4.04,1033.2,6.41,3.73,0,-0.567,4.52,Standard
Hubballi-Dharwad,Mixed,5.35,9.33,4.69,3.54,1027.2,6.67,0.73,0,-0.525,4.51,Standard
Mangaluru,Mixed,6.41,8.53,4.38,3.92,1029.9,6.31,6.39,0,-0.544,4.55,Fermented
Bengaluru,Mixed,4.95,8.1,4.51,3.27,1026.8,6.29,5.09,0,-0.539,4.49,Fermented
Ballari,Mixed,5.2,9.17,4.59,3.46,1029.5,6.71,0.36,1,-0.508,4.25,Low Quality
Mangaluru,Mixed,4.63,9.07,4.29,3.51,1029.5,6.68,2.49,0,-0.54,4.25,Standard
Belagavi,Mixed,5.09,8.67,4.71,3.43,1031.3,6.59,0.76,0,-0.534,4.04,Standard
Bengaluru,Mixed,5.23,8.7,4.65,3.38,1030.1,6.39,1.65,1,-0.564,4.94,Low Quality
Mandya,Mixed,5.1,8.71,4.37,3.78,1031.2,6.49,0.07,0,-0.544,4.4,Standard
Belagavi,Mixed,4.49,9.03,4.78,3.66,1031.4,6.56,2.05,0,-0.528,4.33,Standard
Mysuru,Mixed,5.1,8.81,4.84,3.78,1034.3,6.36,3.19,0,-0.571,4.12,Fermented
Shivamogga,Mixed,5.73,9.15,4.75,3.84,1029.4,6.49,3.87,0,-0.536,5.28,Standard
Mysuru,Mixed,5.22,8.14,4.64,3.75,1028.1,6.7,4.36,0,-0.538,4.08,Standard
Hubballi-Dharwad,Mixed,5.48,8.74,4.82,3.83,1030.5,6.81,7.24,0,-0.539,4.27,Standard
Tumakuru,Mixed,4.88,8.66,4.84,3.69,1028.4,6.54,0.97,0,-0.519,4.52,Standard
Mangaluru,Mixed,5.37,8.92,4.76,3.46,1033.0,6.71,0.51,0,-0.533,4.58,Standard
Tumakuru,Mixed,5.14,8.84,4.54,3.91,1029.4,6.31,7.63,0,-0.51,4.69,Fermented
Shivamogga,Mixed,4.52,9.24,4.76,3.58,1028.9,6.7,0.68,0,-0.56,4.94,Standard
Tumakuru,Mixed,5.16,8.44,4.94,3.51,1029.1,6.48,14.72,0,-0.537,4.55,Standard
Bengaluru,Mixed,4.5,9.01,4.58,3.66,1031.4,6.65,7.39,0,-0.538,4.08,Standard
Bengaluru,Mixed,4.68,9.17,5.12,3.52,1029.7,6.56,2.78,0,-0.561,4.32,Standard
Davanagere,Mixed,5.09,9.56,4.59,3.62,1028.7,6.8,15.94,0,-0.521,4.49,Low Quality
Belagavi,Mixed,5.15,8.86,4.71,3.77,1033.3,6.47,0.41,0,-0.494,5.02,Standard
Hubballi-Dharwad,Mixed,4.41,9.1,4.57,3.77,1028.3,6.69,1.44,0,-0.54,3.98,Standard
Mandya,Mixed,5.53,8.46,4.74,3.52,1030.1,6.56,4.07,0,-0.53,4.76,Standard
Tumakuru,Mixed,5.29,8.28,4.35,3.6,1031.3,6.58,1.72,0,-0.538,4.45,Standard
Ballari,Mixed,4.65,9.25,4.59,3.91,1026.7,6.57,10.55,0,-0.554,4.65,Standard
Ballari,Mixed,4.23,9.0,4.48,3.8,1031.0,6.47,0.27,0,-0.576,4.37,Standard
Shivamogga,Mixed,4.93,9.35,4.73,4.12,1027.9,6.6,3.19,0,-0.554,4.15,Standard
Hubballi-Dharwad,Mixed,4.78,8.59,4.9,3.94,1031.6,6.59,3.57,0,-0.568,4.63,Standard
Hubballi-Dharwad,Mixed,5.06,9.16,4.83,3.93,1028.1,6.64,4.23,0,-0.506,4.6,Standard
Bengaluru,Mixed,4.82,9.56,4.23,3.42,1031.4,6.61,1.18,0,-0.542,4.69,Standard
Mandya,Mixed,4.0,9.13,5.11,3.85,1032.2,6.72,1.81,0,-0.547,4.4,Standard
Mangaluru,Mixed,4.81,9.08,4.76,3.69,1031.7,6.74,7.42,0,-0.522,4.22,Standard
Mandya,Mixed,4.85,9.0,4.54,3.59,1030.5,6.44,0.87,0,-0.562,3.93,Standard
Hassan,Mixed,5.32,8.53,4.73,3.73,1029.5,6.73,7.01,0,-0.555,4.65,Standard
Hubballi-Dharwad,Mixed,4.65,9.41,4.74,3.89,1028.8,6.42,3.31,0,-0.539,4.53,Standard
Mysuru,Mixed,5.84,8.82,4.57,3.8,1032.9,6.69,5.75,0,-0.519,4.11,Standard
Kalaburagi,Mixed,4.04,9.15,4.74,3.52,1028.6,6.69,5.0,0,-0.53,4.24,Standard
Hubballi-Dharwad,Mixed,5.66,8.53,4.58,3.85,1027.9,6.31,0.93,0,-0.535,4.26,Fermented
Shivamogga,Mixed,4.89,8.65,4.62,3.57,1031.3,6.61,3.36,0,-0.538,3.96,Standard
Tumakuru,Mixed,5.43,9.43,4.56,3.74,1028.4,6.53,8.09,0,-0.532,4.15,Standard
Mysuru,Mixed,5.04,8.9,4.41,3.64,1028.1,6.49,2.26,0,-0.536,4.06,Standard
Shivamogga,Mixed,5.57,9.44,4.73,3.66,1027.1,6.8,13.6,0,-0.561,4.28,Standard
Belagavi,Mixed,4.81,8.98,4.82,3.85,1029.0,6.5,2.41,0,-0.539,4.18,Standard
Kalaburagi,Mixed,4.45,8.45,4.8,3.49,1029.8,6.48,0.62,0,-0.561,3.91,Standard
Kalaburagi,Mixed,5.71,9.27,4.86,4.09,1030.5,6.61,1.97,0,-0.538,5.01,Standard
Bengaluru,Mixed,4.94,8.82,4.76,3.34,1031.9,6.7,12.12,0,-0.55,4.78,Standard
Hubballi-Dharwad,Mixed,5.11,9.21,4.59,3.58,1031.1,6.58,1.54,0,-0.489,4.17,Standard
Bengaluru,Mixed,5.62,9.01,4.87,3.77,1029.6,6.77,8.1,0,-0.541,4.48,Standard
Ballari,Mixed,4.48,8.54,4.43,3.82,1029.6,6.68,8.52,1,-0.568,4.53,Low Quality
Shivamogga,Mixed,5.3,9.05,4.52,3.68,1031.0,6.27,1.72,0,-0.543,4.76,Fermented
Hassan,Mixed,4.71,9.66,4.51,3.69,1032.5,6.52,0.35,0,-0.53,4.15,Standard
Hassan,Mixed,4.93,9.15,4.92,3.78,1030.3,6.52,5.16,0,-0.507,4.73,Standard
Ballari,Mixed,5.04,8.98,4.89,3.65,1029.1,6.67,1.49,0,-0.552,4.24,Standard
Belagavi,Mixed,4.25,9.32,4.8,3.98,1028.0,6.21,6.11,0,-0.572,4.0,Fermented
Hassan,Mixed,4.61,9.06,4.91,3.87,1027.1,6.98,2.34,0,-0.524,4.62,Standard
Shivamogga,Mixed,5.68,9.06,4.52,3.87,1031.3,6.68,2.66,0,-0.568,4.79,Standard
Hassan,Mixed,5.44,8.67,4.77,3.51,1031.2,6.62,6.02,0,-0.549,5.18,Standard
Ballari,Mixed,4.97,9.07,4.67,3.68,1031.2,6.78,1.93,0,-0.545,4.04,Standard
Mysuru,Mixed,5.12,9.31,4.87,3.64,1029.7,6.95,2.34,0,-0.541,4.61,Standard
Tumakuru,Mixed,4.85,8.75,4.68,3.5,1032.8,6.73,1.89,0,-0.526,4.28,Standard
Tumakuru,Mixed,5.68,9.43,4.62,3.77,1029.0,6.74,1.83,0,-0.554,4.64,Standard
